"Plot.number","Treatment","Water.treatment","WHS","Herbivores","WTH","Year","Soil_N","Soil_Ca","Soil_Mg","Soil_K","Soil_P","Soil_Fe","Soil_Mn","Soil_Cu","Soil_Zn","Soil_B","Soil_S","Plant_C","Plant_N","Plant_P","Plant_Na","Plant_Mg","Plant_K","Plant_Ca","Plant_Mn","Plant_Fe","Plant_Cu","Plant_Zn","Plant_S","Plant_Cl","Plant_Si"
"1","3","Altered Frequency","Altered Frequency.0.2014","0","Reduced frequency -RH","2014",29.02,889.31,311.52,414.62,5.1,15.55,39.44,1.26,3.99,0.57,64.93,48.22,1.29,1778.675,633.479,1930.61,15960.82,3700.832,254.935,140.075,6.011,39.86,1776.091,7496.984,1.137
"2","1","Control","Control.0.2014","0","Ambient -RH","2014",17.07,948.82,301.47,414.92,1.83,13.13,32.36,1.27,4.61,0.66,68.77,48.01,1.1,1540.457,483.888,1461.535,14569,3200.943,160.673,129.34,5.651,49.348,1478.263,7143.328,1.232
"4","2","Reduced","Reduced.1.2014","1","Reduced amount +RH","2014",16.76,736.19,231.06,262.91,2.71,5.23,14.33,0.92,2.5,0.51,41.75,46.81,1.85,1427.922,652.762,1983.331,21632.82,3365.103,159.429,159.248,7.161,77.021,2423.526,11760.2,1.14
"5","2","Reduced","Reduced.0.2014","0","Reduced amount -RH","2014",48.04,899.2,263.6,428.68,2.44,7.12,17.71,1.55,4.61,0.32,45.45,46.1,1.9,1362.502,291.163,4593.664,28545.49,3540.293,144.686,100.689,6.936,114.446,1803.008,15051.7,1.097
"8","3","Altered Frequency","Altered Frequency.1.2014","1","Reduced frequency +RH","2014",50.24,802.75,233.88,750.59,14.38,13.62,26.99,3.54,13.7,0.42,59.8,46.01,1.41,2169.678,328.571,4238.897,28086.28,3396.628,129.714,70.789,6.256,138.938,1006.916,13283.62,1.237
"10","1","Control","Control.1.2014","1","Ambient +RH","2014",11.16,1048.58,305.61,418.23,2.53,12.28,28.44,2.25,5.78,0.27,49.32,47.03,1.58,1292.169,405.611,2855.585,23166.17,3283.814,136.68,88.247,7.74,56.894,2683.305,13429.74,1.024
"11","2","Reduced","Reduced.0.2014","0","Reduced amount -RH","2014",19.18,886.82,340.24,657.84,7.67,11.64,50.33,0.82,2.71,0.24,63.94,47.19,1.67,1814.689,529.555,2498.827,23788.9,2679.849,196.595,123.993,7.427,39.926,2506.164,11887.19,1.035
"12","1","Control","Control.1.2014","1","Ambient +RH","2014",9.46,1436.45,484.21,416.68,2.17,27.85,61.1,2.88,7.47,0.52,86.39,47.04,1.18,1492.593,472.445,2708.219,19958.09,3129.947,251.393,232.125,6.76,38.55,2696.644,9406.825,1.528
"13","3","Altered Frequency","Altered Frequency.1.2014","1","Reduced frequency +RH","2014",15.06,928.98,295.49,527.28,2.2,15.43,34.86,1.36,3.31,0.34,92.15,47.25,1.62,1322.198,558.608,2749.896,21790.83,3332,247.158,144.385,7.686,44.287,2701.693,10791.65,1.253
"16","3","Altered Frequency","Altered Frequency.0.2014","0","Reduced frequency -RH","2014",33.46,1396.59,410.15,486.8,4.78,14.89,26.64,5.32,11.27,0.78,51.04,46.77,1.46,1740.507,371.984,2658.885,25651.51,3210.241,182.125,99.451,7.563,57.231,2001.586,11849.07,1.226
"18","1","Control","Control.0.2014","0","Ambient -RH","2014",61.46,1164.59,282.85,446.89,3.56,25.83,36.38,7.44,27.78,0.8,72.73,47.02,1.2,1635.142,425.799,2413.389,22589.92,3133.124,131.696,105.862,7.295,54.477,2162.049,12936.92,1.078
"19","2","Reduced","Reduced.1.2014","1","Reduced amount +RH","2014",18.5,909.14,242.5,627.5,1.46,23.16,34.59,2.34,7.84,0.38,45.94,47.61,1.59,1559.625,581.619,2338.407,16815.2,4832.17,238.748,108.487,6.27,102.945,1686.313,10492.82,1.007
"24","1","Control","Control.0.2014","0","Ambient -RH","2014",28.58,853.11,296.9,444.63,1.78,8.87,27.51,0.8,2.03,0.2,59.23,47.19,2.01,1254.092,436.745,2768.123,21499.87,4354.129,192.294,138.259,7.049,51.49,2689.792,13401.42,1.264
"26","3","Altered Frequency","Altered Frequency.1.2014","1","Reduced frequency +RH","2014",13.76,1306.09,364.88,459.27,4,15.12,42.68,2.43,25.07,0.39,90.03,47.81,1.3,1080.953,485.933,2463.472,16196.84,3880.848,219.56,102.726,5.872,41.906,2464.961,7984.667,1.537
"27","1","Control","Control.1.2014","1","Ambient +RH","2014",6.82,1151.86,399.94,775.08,1.57,16.65,26.04,2.56,6.31,0.47,61.51,47.1,1.39,1463.497,518.122,2784.438,19751.25,3661.031,148.455,109.979,6.46,85.958,1932.519,10578.35,1.076
"28","2","Reduced","Reduced.1.2014","1","Reduced amount +RH","2014",70.72,1549.78,415.88,489.19,1.49,18.4,66.43,3.61,8.2,0.53,89.56,47.76,1.57,872.893,638.291,2406.227,20684.09,4078.849,170.886,116.189,5.901,64.747,1117.814,10994.73,0.915
"29","3","Altered Frequency","Altered Frequency.0.2014","0","Reduced frequency -RH","2014",14.74,1335.67,386.75,507.74,1.58,28.39,40.95,2.43,6.67,1.12,74.11,47.09,1.54,1207.241,653.91,2064.1,16846.7,4065.781,216.199,219.182,6.16,66.447,1312.273,10726.36,1.311
"30","2","Reduced","Reduced.0.2014","0","Reduced amount -RH","2014",5.7,1023.44,308.99,426.05,0.03,16.61,36.4,0.94,4.5,0.36,38.11,49.17,1.06,745.997,527.489,1226.681,13066.95,2668.642,172.718,103.584,5.663,41.049,830.348,8613.672,0.78
"31","3","Altered Frequency","Altered Frequency.1.2014","1","Reduced frequency +RH","2014",4.64,1217.91,392.54,351.39,1.89,19.73,42.51,1.47,2.98,0.36,67.87,48.13,0.92,719.235,263.254,1511.935,10091.53,3677.433,321.217,112.894,4.18,40.733,870.423,6745.363,1.757
"33","3","Altered Frequency","Altered Frequency.0.2014","0","Reduced frequency -RH","2014",6.14,1062.83,363.5,320.59,0.67,18.69,36.51,1.81,2.27,0.89,85.46,47.88,1.15,785.234,369.845,1619.579,11523.4,3163.718,269.42,116.977,4.79,36.767,1108.713,6820.627,1.74
"35","2","Reduced","Reduced.1.2014","1","Reduced amount +RH","2014",5.92,985.19,355.1,544.51,1.22,9.99,30.14,0.66,1.43,0.24,37.56,47.07,1.26,931.995,369.851,2396.591,13211.5,3479.314,251.583,178.858,5.942,36.131,1576.621,7244.285,2.111
"36","1","Control","Control.1.2014","1","Ambient +RH","2014",5.08,988.06,310.73,318.14,0.96,16.21,44.95,1.89,2.11,0.15,70.14,47.28,1.18,925.567,466.502,2199.546,14025.52,3058.477,242.422,122.801,5.6,32.681,1904.463,7696.944,1.665
"37","2","Reduced","Reduced.0.2014","0","Reduced amount -RH","2014",8.4,959.95,268.71,442.83,1.14,16.38,42.4,1.53,5.1,0.45,78.14,48.58,1.35,900.187,380.893,1473.915,13432.15,2861.209,204.097,98.607,4.93,48.807,543.597,8558.741,1.118
"39","1","Control","Control.0.2014","0","Ambient -RH","2014",4.52,782.07,255.53,330.66,0.82,17.8,25.51,1.08,2.83,0.71,48.91,47.25,1.25,1376.549,357.581,1999.019,14061.18,3185.869,225.111,113.933,5.606,69.53,1408.535,8596.117,1.596
"41","2","Reduced","Reduced.1.2014","1","Reduced amount +RH","2014",6.61,859,272.01,431.8,0.14,12.08,25.03,1.03,1.7,0.13,53.53,47.33,1.35,924.113,452.79,2183.364,12706.35,3274.684,285.202,291.455,6.97,41.038,1460.511,7148.863,1.747
"43","2","Reduced","Reduced.0.2014","0","Reduced amount -RH","2014",9.4,385.56,122.08,450.2,2.03,7.12,19.67,0.49,1.33,0.19,34.89,47.08,1.43,1123.191,367.024,1763.959,14280.83,3193.595,228.293,349.192,6.884,43.607,1685.142,7252.572,1.82
"44","1","Control","Control.1.2014","1","Ambient +RH","2014",7.28,826.65,304.4,403.51,0.93,8.19,18.26,0.91,1.4,0.1,40.65,47.09,1.22,875.936,323.589,2152.68,11810.9,3175.178,238.502,187.419,6.32,41.631,1353.317,7163.099,2.047
"46","1","Control","Control.0.2014","0","Ambient -RH","2014",5.88,1012.64,299.93,343.66,0.76,21.67,54.07,1.74,3.14,0.47,52.66,47.57,1.34,1253.331,286.011,2244.741,15226.73,3679.076,351.378,218.345,5.999,40.61,2003.436,7899.172,1.711
"47","3","Altered Frequency","Altered Frequency.0.2014","0","Reduced frequency -RH","2014",11.94,672.68,190.64,443.84,1.1,12.76,32.47,1.19,2.25,0.4,56.41,47.93,1.56,1017.142,508.456,2052.748,13076.74,3846.221,249.205,133.907,6.215,57.786,1299.377,7452.77,1.564
"50","3","Altered Frequency","Altered Frequency.1.2014","1","Reduced frequency +RH","2014",6.32,1347.52,321.95,683.41,2.27,23.34,23.4,1.3,2.68,0.64,137.25,48.01,0.87,1218.154,548.663,1114.997,8506.185,4411.296,179.472,123.6,6.012,53.042,866.189,4600.949,1.575
"52","3","Altered Frequency","Altered Frequency.0.2014","0","Reduced frequency -RH","2014",12.26,1067.12,358.39,423.22,1.16,15.35,37.64,1.31,2.23,0.25,77.87,47.67,1.11,854.897,337.619,2189.364,13286.61,3433.664,254.722,103.695,5.3,37.664,1530.847,6439.743,1.733
"53","1","Control","Control.0.2014","0","Ambient -RH","2014",6.54,884.15,307.92,367.37,0.56,19.08,60.78,1.75,2.32,0.27,81.78,47.38,1.18,974.759,411.864,2152.737,12901.79,2935.052,268.915,213.908,6.027,46.434,1285.499,8180.318,2.086
"54","3","Altered Frequency","Altered Frequency.1.2014","1","Reduced frequency +RH","2014",23.58,1153.62,302.46,367.57,0.51,18.11,41.43,1.57,2.22,1.21,77.16,47.64,1.08,577.877,421.261,1367.062,9461.144,3213.569,325.937,180.183,5.315,39.696,631.862,6209.872,2.274
"55","1","Control","Control.1.2014","1","Ambient +RH","2014",6.82,1251.76,380.06,275.55,0.31,20.64,52.81,2.15,3.44,0.16,73.14,47.36,1.08,791.49,272.183,1913.992,11452.94,3095.842,254.397,177.301,5.147,42.779,992.932,6926.395,2.13
"56","2","Reduced","Reduced.0.2014","0","Reduced amount -RH","2014",8.84,1199.18,361.62,463.48,0.34,18.85,57.29,1.64,2.45,0.44,71.81,47.66,1.24,1068.795,265.418,1701.799,13143.23,3259.684,295.642,270.071,5.598,39.945,1078.493,7913.685,1.717
"60","2","Reduced","Reduced.1.2014","1","Reduced amount +RH","2014",7.38,870.14,281.16,1057.33,21.76,32.6,26.61,1.14,2.66,0.5,198.36,48.82,1.06,1487.374,566.471,999.25,9170.227,4371.607,196.009,153.015,5.564,46.853,1000.316,5501.102,1.296
"1","3","Altered Frequency","Altered Frequency.0.2015","0","Reduced frequency -RH","2015",13.32,1699.13,576.18,196.45,8.03,33.16,47.56,2.49,8.66,0.07,93.91,46.36,0.84,1918.883,579.663,1728,13048.15,3628.34,273.724,84.694,7.955,36.626,1961.045,5668.315,1.356
"2","1","Control","Control.0.2015","0","Ambient -RH","2015",12.13,1672.55,557.67,356.92,2.07,29.84,48.72,2.35,6.66,0.04,116.14,44.14,0.8,1548.514,601.893,2500.546,5038.345,5337.034,314.958,214.31,10.162,79.786,1524.682,3331.922,2.288
"4","2","Reduced","Reduced.1.2015","1","Reduced amount +RH","2015",7.8,1304.14,335.93,446.79,1.69,7.87,13.78,1.02,3.91,0.25,44.86,45.79,0.68,1074.232,529.723,1921.392,12244.6,4013.389,262.301,72.377,6.567,45.455,1039.559,7401.912,1.13
"5","2","Reduced","Reduced.0.2015","0","Reduced amount -RH","2015",22.04,1412.43,460.22,770.94,3.18,15.11,22.86,3.5,11.18,0,44.35,46.18,0.68,666.854,554.551,1311.553,13027.54,3404.067,142.724,47.964,6.132,42.495,893.253,8346.31,0.946
"8","3","Altered Frequency","Altered Frequency.1.2015","1","Reduced frequency +RH","2015",7.98,1983.93,439.49,397.62,1.9,46.2,15.04,11.44,37.08,0.11,84.8,44.59,0.85,2566.271,605.848,2059.174,14772.03,3114.313,177.114,64.292,9.322,93.422,579.847,7403.817,1.436
"10","1","Control","Control.1.2015","1","Ambient +RH","2015",5.74,1687.59,425.14,272.01,1.41,34.83,27.49,4.06,11.52,0.33,58.68,46.17,0.59,401.32,357.609,2784.2,11313.22,3508.029,244.167,89.222,6.641,46.958,2304.74,7335.656,1.437
"11","2","Reduced","Reduced.0.2015","0","Reduced amount -RH","2015",11.32,1046.84,333.19,484.72,8.94,12.65,26.39,1.12,3.51,0,53.91,44.99,0.71,944.711,475.648,2167.805,16068.86,3203.135,309.508,149.912,7.369,42.747,1814.189,8470.517,1.165
"12","1","Control","Control.1.2015","1","Ambient +RH","2015",9.96,1599.39,543.2,403.16,1.43,41.16,74.36,2.56,4.91,0.12,141.34,46.34,0.65,734.632,441.274,2841.629,14707.3,2735.782,250.112,77.062,7.35,29.563,2666.084,7317.892,1.565
"13","3","Altered Frequency","Altered Frequency.1.2015","1","Reduced frequency +RH","2015",11.94,1679.85,487.94,426.86,2.09,31.18,50.26,1.99,4.95,0.32,104.58,44.9,0.9,1077.969,449.053,2598.763,15678.21,3265.072,311.274,112.466,9.225,44.653,2808.884,6926.002,1.75
"16","3","Altered Frequency","Altered Frequency.0.2015","0","Reduced frequency -RH","2015",6.44,1719.94,463.44,550.06,2.46,25.57,30.34,5.2,12.17,0.05,76.84,44.42,0.88,1457.544,499.135,3244.465,14343.62,5012.934,282.984,215.991,8.686,66.891,2114.433,11815.43,1.746
"18","1","Control","Control.0.2015","0","Ambient -RH","2015",9.4,1835.71,469.37,228.51,4.01,49.18,46.7,14.24,27.7,0.16,94.87,44.84,0.82,1255.698,497.941,3590.232,9127.995,7726.684,201.736,193.49,9.305,66.252,1621.698,9294.233,1.325
"19","2","Reduced","Reduced.1.2015","1","Reduced amount +RH","2015",9.76,1087.54,302.11,761.4,4.7,23.31,51.98,2.21,10.02,0.21,43.51,46.36,0.87,1405.926,622.375,2399.042,11711.26,6225.578,342.216,148.623,8.382,66.466,1503.232,8832.206,1.067
"24","1","Control","Control.0.2015","0","Ambient -RH","2015",7.02,1387.06,497.5,394.49,1.58,13.69,23.83,0.89,2.49,0,41.47,46.38,0.72,586.429,586.746,2097.915,9996.175,3957.735,332.097,355.52,7.024,38.902,1609.985,7015.062,1.757
"26","3","Altered Frequency","Altered Frequency.1.2015","1","Reduced frequency +RH","2015",5.84,1892.04,608.21,251.05,3.98,27.33,34.94,2.74,6.56,0.06,124.77,44.98,0.79,783.392,446.682,3007.157,12195.41,4054.299,269.037,165.202,7.448,44.626,2879.788,6646.239,1.93
"27","1","Control","Control.1.2015","1","Ambient +RH","2015",16.46,1650.77,580.18,344.75,3.12,23.86,32.28,4.07,9.65,0,53.44,45.78,0.78,1135.06,541.899,2717.328,13482.69,4978.476,232.742,111.941,8.241,60.717,1876.695,9526.316,1.198
"28","2","Reduced","Reduced.1.2015","1","Reduced amount +RH","2015",5.8,1077.03,331.91,590.64,2.39,16.15,35.12,1.71,5.81,0.47,29.27,45.87,0.61,614.894,500.507,1336.374,12570.46,3363.928,225.911,89.565,6.162,34.838,1009.685,6837.531,1.255
"29","3","Altered Frequency","Altered Frequency.0.2015","0","Reduced frequency -RH","2015",12.1,1565.75,500.83,275.8,1.62,53.24,62.12,3.44,8.37,0,116.6,45.74,0.97,1732.451,631.988,2521.169,14554.71,4063.734,373.455,91.39,7.776,53.572,1406.735,8613.35,1.429
"30","2","Reduced","Reduced.0.2015","0","Reduced amount -RH","2015",11.54,1314.83,554.78,503.2,1.96,10.95,26.85,0.6,2.48,0,41.56,45.87,0.79,1016.235,525.198,2641.662,11556.11,4410.525,350.694,230.862,9.782,65.204,1442.537,7943.135,1.366
"31","3","Altered Frequency","Altered Frequency.1.2015","1","Reduced frequency +RH","2015",4.5,1655.94,546.68,316.99,1.02,20.41,29.46,2.08,3.48,0,117.6,45.93,0.7,1036.532,469.211,2458.754,9359.223,4474.879,437.123,165.038,7.394,39.807,1109.915,6929.364,2.398
"33","3","Altered Frequency","Altered Frequency.0.2015","0","Reduced frequency -RH","2015",10.56,1595.13,583.62,285.15,1.08,17.22,38.19,1.75,2.06,0,147.38,44.75,0.71,735.601,477.661,2185.176,8306.509,3491.689,339.068,143.72,6.697,42.825,946.493,5561.315,2.571
"35","2","Reduced","Reduced.1.2015","1","Reduced amount +RH","2015",9.82,1670.99,582.08,502.7,2.67,19.42,58.29,1.14,2.63,0.25,69.79,44.58,0.59,664.234,569.733,2190.829,8705.267,4029.165,381.718,228.145,7.671,45.812,1196.674,5343.798,2.553
"36","1","Control","Control.1.2015","1","Ambient +RH","2015",8.54,1714.85,444,156.04,1.06,35.4,69.82,2.9,6.83,0,72.99,44.85,0.61,723.668,537.128,2361.141,10669.88,4055.052,363.157,122.969,7.414,40.5,1700.001,5365.193,2.208
"37","2","Reduced","Reduced.0.2015","0","Reduced amount -RH","2015",16.56,1118.32,387.61,473.25,1.75,13.26,38.33,1.03,2.76,0.33,59.62,46.88,0.52,373.19,523.562,1369.497,6175.165,3429.175,356.952,294.737,6.061,39.045,298.587,4875.463,1.53
"39","1","Control","Control.0.2015","0","Ambient -RH","2015",5.28,1754.49,503.38,158.81,0.69,57.43,57.57,3.12,3.92,0.36,64.62,45.34,0.74,974.05,577.715,2324.27,7906.111,4211.35,340.694,209.382,7.488,69.237,1160.358,5460.491,1.773
"41","2","Reduced","Reduced.1.2015","1","Reduced amount +RH","2015",6.68,1189.52,386.06,437.6,1.36,9.43,16.68,0.91,1.89,0.24,48.36,45.44,0.67,728.161,354.977,1658.024,9433.305,3274.076,309.366,175.551,5.597,53.924,991.872,6100.435,1.534
"43","2","Reduced","Reduced.0.2015","0","Reduced amount -RH","2015",10.12,1562.5,519.47,469.86,1.9,9.66,20.52,1.08,2.93,0.04,47.1,46.86,0.58,502.04,597.833,1640.97,9004.087,3047.507,291.861,61.476,5.714,31.056,1033.225,5147.253,1.431
"44","1","Control","Control.1.2015","1","Ambient +RH","2015",5.64,1479.18,524.49,237.04,1.04,19.1,34.02,1.54,2.14,0.73,79.12,45.72,0.67,573.317,484.388,1719.51,7779.326,3037.383,307.207,121.21,8.07,43.131,642.782,5676.66,1.999
"46","1","Control","Control.0.2015","0","Ambient -RH","2015",6.98,1478.83,581.82,338.08,1.03,23.11,56.97,1.4,9.57,0.4,107.27,44.72,0.74,770.622,529.936,2199.603,5230.938,4659.08,500.704,482.472,9.6,57.285,1146.692,3757.328,2.755
"47","3","Altered Frequency","Altered Frequency.0.2015","0","Reduced frequency -RH","2015",9.64,1371.04,471.64,456.33,0.92,10.85,24.89,0.88,1.44,0.34,55.54,46.57,0.95,871.55,503.25,2097.276,10059.23,4098.007,313.234,120,6.523,46.39,1071.128,6045.613,1.977
"50","3","Altered Frequency","Altered Frequency.1.2015","1","Reduced frequency +RH","2015",10.24,1307.54,333.25,750.89,1.52,37.94,20.97,1.3,3.72,0.31,113.63,46.06,0.75,1733.003,559.187,1453.952,9793.917,4487.305,175.013,89.634,7.372,49.797,1083.868,5862.532,1.323
"52","3","Altered Frequency","Altered Frequency.0.2015","0","Reduced frequency -RH","2015",6.84,1235.7,436.28,405.76,1.13,10.76,23.69,0.87,2.87,0.21,106.9,45.28,0.62,660.79,624.664,2257.885,10881.61,2977.691,269.151,97.405,7.406,42.492,1283.73,5819.256,1.765
"53","1","Control","Control.0.2015","0","Ambient -RH","2015",6.92,1691.81,594.68,329.28,2.12,19.41,44.41,1.28,2.33,0.35,108.87,45.86,0.68,804.708,439.932,1855.25,6934.639,3426.052,360.226,152.051,7.234,45.439,810.334,5196.739,2.406
"54","3","Altered Frequency","Altered Frequency.1.2015","1","Reduced frequency +RH","2015",4.74,1629.69,531.92,311.55,1.12,19.18,41.66,1.72,2.53,0.3,143.81,44.73,0.71,584.355,420.698,1705.969,7899.769,3433.65,337.711,114.416,7.087,46.875,628.045,5388.895,2.707
"55","1","Control","Control.1.2015","1","Ambient +RH","2015",9.78,1445.4,457.13,291.33,0.9,26.77,43.49,2.16,2.88,0.26,103.71,43.72,0.69,542.669,525.93,2081.342,6516.197,3913.459,327.976,199.769,9.52,61.296,928.963,4284.207,3.41
"56","2","Reduced","Reduced.0.2015","0","Reduced amount -RH","2015",8.68,1778.87,601.94,424.17,1.14,15.02,42.11,0.89,1.72,0,55.57,46.62,0.47,511.161,510.282,1644.196,8003.739,2984.94,439.376,86.677,5.189,29.141,819.664,4823.599,1.705
"60","2","Reduced","Reduced.1.2015","1","Reduced amount +RH","2015",7.38,1054.98,376.72,598.68,2.7,21.25,18.45,0.65,2.25,0.49,77.37,45.56,0.88,1699.42,564.883,1651.307,5445.228,6254.405,313.125,289.707,11.105,87.267,1588.045,4109.069,2.129
"1","3","Altered Frequency","Altered Frequency.0.2016","0","Reduced frequency -RH","2016",1.18,1486.44,511.63,477.64,2.97,17.52,46.09,1.18,3.17,0.91,74.18,46.837,0.67963,628.023,464.088,1771.615,11639.87,4320.689,252.956,238.814,5.537,40.772,1894.471,5509.204,1.536
"2","1","Control","Control.0.2016","0","Ambient -RH","2016",10.58,1779.91,630.1,246.5,3.83,31.83,47.76,3.49,5.45,0.48,139.44,45.961,0.60617,901.955,579.577,1974.731,15385.51,3473.917,206.327,178.092,5.505,31.362,1239.82,9478.303,1.332
"4","2","Reduced","Reduced.1.2016","1","Reduced amount +RH","2016",4.96,1896.39,580,333.16,2.9,29.1,37.62,4.74,10.35,0.51,103.35,45.451,0.59448,1068.767,414.232,2400.224,17690.41,5410.72,213.673,372.744,5.698,72.153,1033.171,4747.87,1.279
"5","2","Reduced","Reduced.0.2016","0","Reduced amount -RH","2016",6.1,1993.85,481.07,463.99,5,37.05,42.38,8.68,16.98,0.53,93.4,45.592,0.53163,1109.204,314.759,1950.002,16373.31,5987.136,159.067,575.498,7.023,82.723,640.345,3929.598,1.702
"8","3","Altered Frequency","Altered Frequency.1.2016","1","Reduced frequency +RH","2016",1.38,1602.1,337.88,213.61,5.37,28.47,26.36,7.74,20.76,0,67.71,46.008,0.50272,770.474,560.217,2945.935,14115.65,3678.28,144.031,129.28,5.687,42.144,1667.336,8502.246,1.427
"10","1","Control","Control.1.2016","1","Ambient +RH","2016",0.78,1992.8,591.57,134.42,1.91,67.3,36.19,10.77,33.57,0.48,141.64,45.708,0.66404,536.063,271.542,2530.703,11440.34,4531.356,226.249,391.408,6.597,49.327,1629.316,9729.314,1.726
"11","2","Reduced","Reduced.0.2016","0","Reduced amount -RH","2016",7.5,1513.72,598.66,385.15,3.19,22.05,51.67,1.58,4.21,0.01,147.61,44.845,0.79599,486.71,451.067,2433.575,14658.79,3564.597,248.628,153.969,6.246,33.944,2128.312,9395.18,1.511
"12","1","Control","Control.1.2016","1","Ambient +RH","2016",1.36,1661.61,696.08,182.2,2.84,27.91,59.44,2.63,5.56,0.33,184.56,45.429,0.66561,333.807,400.76,1473.153,10750.42,3307.232,176.511,347.501,7.963,41.841,1073.907,7813.206,1.51
"13","3","Altered Frequency","Altered Frequency.1.2016","1","Reduced frequency +RH","2016",1.22,1037.58,414.33,309.13,2.54,13.91,32.63,0.87,3.3,0.17,42.73,45.712,0.63757,485.252,457.804,1458.448,12529.51,5696.116,258.349,972.351,6.815,56.69,674.674,3893.971,1.968
"16","3","Altered Frequency","Altered Frequency.0.2016","0","Reduced frequency -RH","2016",1.05,1794.63,513.96,220.34,3.14,30.06,41.77,7.88,16.6,0.13,60.12,44.59,0.7035,1187.716,587.535,3063.828,14751.35,6439.06,129.676,235.617,7.926,61.061,1860.118,14202.98,0.974
"18","1","Control","Control.0.2016","0","Ambient -RH","2016",4.42,2150.5,613.81,129.54,1.43,55.1,41.32,22.32,41.71,0.57,137.48,44.707,0.74085,681.606,403.859,2425.963,13820.84,4029.539,238.647,277.997,6.419,60.265,957.495,4105.264,1.749
"19","2","Reduced","Reduced.1.2016","1","Reduced amount +RH","2016",6.03,1758.72,541.81,404.7,2.7,45.49,45.68,6.67,16.58,0.25,155.6,45.611,0.78161,355.798,528.304,1835.692,10877.55,3590.524,222.465,236.985,4.774,36.253,840.255,3258.713,1.258
"24","1","Control","Control.0.2016","0","Ambient -RH","2016",7.14,1880.47,615.12,252.85,2.01,27.89,64.72,2.61,6.29,0.11,177.18,45.79,0.70511,535.889,739.104,2202.737,13952.64,3178.318,171.269,126.939,6.254,32.196,1578.716,8817.953,1.067
"26","3","Altered Frequency","Altered Frequency.1.2016","1","Reduced frequency +RH","2016",1.54,1906.06,577,208.39,2.24,17.5,38.24,1.81,15.27,0.29,72.94,46.23,0.70277,829.984,589.173,1683.74,13385.7,2699.16,179.339,188.748,5.956,45.432,730.585,7512.155,1.399
"27","1","Control","Control.1.2016","1","Ambient +RH","2016",1.62,2043.1,620.84,144.84,2.66,34.3,52.91,9.9,20.48,0.4,116.04,45.921,0.62099,729.497,580.302,1492.786,11761.1,3252.835,250.459,79.837,5.292,36.016,782.332,7792.234,1.184
"28","2","Reduced","Reduced.1.2016","1","Reduced amount +RH","2016",2.26,1755.31,548.09,307.77,2.37,38.65,44.06,4.94,9.58,0.23,194.63,45.509,0.61211,810.575,472.52,1614.215,13635.96,3239.235,184.447,178.03,5.519,39.407,992.136,9064.077,1.057
"29","3","Altered Frequency","Altered Frequency.0.2016","0","Reduced frequency -RH","2016",1.02,1502.13,460.34,313.62,2.53,50.84,70.37,3.34,9.41,0.17,84.19,45.772,0.63554,363.258,375.391,1742.703,7423.33,3027.66,305.266,241.362,5.76,29.238,258.705,6543.817,1.478
"30","2","Reduced","Reduced.0.2016","0","Reduced amount -RH","2016",3.52,1801.81,633.34,196.21,3.01,67.12,74.91,3.52,9.47,0.37,184.21,46.557,0.66671,300.571,379.276,1854.74,6843.837,3462.087,252.58,222.37,5.721,31.821,331.091,7048.908,1.891
"31","3","Altered Frequency","Altered Frequency.1.2016","1","Reduced frequency +RH","2016",2.24,956.68,312.25,340.56,4.24,15.88,39.3,1.48,1.82,0.24,106.83,46.736,0.4451,442.302,551.453,1244.916,9359.795,3412.85,284.958,151.639,4.962,30.116,259.791,6452.006,1.383
"33","3","Altered Frequency","Altered Frequency.0.2016","0","Reduced frequency -RH","2016",2.32,742.11,263.45,344.48,1.65,7.95,29.7,0.69,0.83,0.14,50.99,46.815,0.63482,458.084,298.881,1304.979,9964.694,2445.988,250.642,251.917,4.379,27.933,554.902,6864.684,1.649
"35","2","Reduced","Reduced.1.2016","1","Reduced amount +RH","2016",5.62,1811.95,608.42,306.22,7.26,30.42,66.16,2.02,3.29,0.11,102.42,46.276,0.43514,277.335,521.243,1496.484,8539.151,3076.617,246.921,398.792,5.067,34.328,409.327,7128.789,1.764
"36","1","Control","Control.1.2016","1","Ambient +RH","2016",5.97,1971.61,586.61,177.21,1.79,48.59,81.65,3.73,5.18,0.48,134.37,45.404,0.55296,206.137,444.458,650.85,5209.008,3641.832,219.158,339.749,5.327,32.924,-84.643,2702.291,2.026
"37","2","Reduced","Reduced.0.2016","0","Reduced amount -RH","2016",3.2,1493.97,454.81,277.58,1.65,53.15,55.94,3.3,37,0.26,177.08,46.021,0.48909,632.469,373.879,1806.231,7141.269,4049.375,339.031,456.462,6.775,46.542,692.029,6938.792,2.246
"39","1","Control","Control.0.2016","0","Ambient -RH","2016",1.59,1621.4,594.58,158.43,3.42,56.33,62.2,4.83,7.29,0.6,193.09,44.706,0.65701,369.284,648.112,1497.327,9519.986,2426.312,214.468,110.018,4.369,31.064,364.711,7760.63,1.291
"41","2","Reduced","Reduced.1.2016","1","Reduced amount +RH","2016",2.26,1863.51,565.99,242.39,3.21,28.17,59.63,1.84,2.83,0.18,151.62,46.589,0.41715,386.403,408.913,1479.637,10466.51,2580.621,263.742,131.484,5.798,28.198,578.664,7885.199,1.547
"43","2","Reduced","Reduced.0.2016","0","Reduced amount -RH","2016",3.53,1934.89,529.58,308.02,2.11,25.1,59.69,2.05,5.69,0.27,122.45,46.245,0.53279,83.903,473.396,2001.652,6473.337,4594.2,364.786,293.457,4.763,30.679,1328.875,5990.348,2.044
"44","1","Control","Control.1.2016","1","Ambient +RH","2016",3.72,1914.72,649.97,126.14,1.93,18.8,49.07,2.95,4.36,0.6,259.36,45.809,0.51478,205.302,391.637,1266.81,7609.878,2817.29,267.408,92.488,4.41,27.325,258.552,6478.77,1.543
"46","1","Control","Control.0.2016","0","Ambient -RH","2016",6.96,1767.86,654.91,217.7,1.48,31.43,68.01,2.3,11.01,0.18,170.63,46.38,0.52369,418.733,493.255,1686.708,9058.64,3045.283,262.12,99.978,5.528,29.459,432.314,8275.194,1.227
"47","3","Altered Frequency","Altered Frequency.0.2016","0","Reduced frequency -RH","2016",2.28,599.51,256.07,352.67,2.65,8.83,20.04,0.61,1.53,0.08,47.53,46.217,0.6399,755.777,435.066,1047.101,10003.02,4194.268,312.334,155.728,4.679,52.258,266.758,3963.927,1.263
"50","3","Altered Frequency","Altered Frequency.1.2016","1","Reduced frequency +RH","2016",2.86,1825.01,731.61,295.11,3.36,42.57,21.45,1.9,5.61,0.7,299.19,47.061,0.60476,373.689,503.048,962.49,8783.023,3089.089,242.275,340.091,5.851,32.944,502.658,7299.082,1.776
"52","3","Altered Frequency","Altered Frequency.0.2016","0","Reduced frequency -RH","2016",2.2,933.79,311.89,468.96,1.36,17.43,49.7,1.23,3.73,0.37,112.47,45.856,0.48938,213.859,378.75,1005.817,9542.896,2909.64,319.393,95.178,4.975,26.984,19.926,6983.897,1.651
"53","1","Control","Control.0.2016","0","Ambient -RH","2016",4,1708.7,633.2,188.06,4.58,28.79,60.24,2.62,8.72,0.1,152.64,46.633,0.41006,111.635,357.773,1648.954,6624.979,3306.751,309.945,98.799,4.606,31.073,291.678,6908.732,2.171
"54","3","Altered Frequency","Altered Frequency.1.2016","1","Reduced frequency +RH","2016",1.54,1132.91,371.74,402.32,1.7,16.77,44.9,1.06,4.86,0.09,101.29,46.629,0.52205,278.753,577.222,741.863,8358.256,2473.005,296.579,94.318,4.044,28.875,74.526,7033.89,1.336
"55","1","Control","Control.1.2016","1","Ambient +RH","2016",2.77,1765.87,595.98,135.13,1.71,39.13,72.31,3.86,16.07,0.24,186.23,45.769,0.48392,260.087,569.374,2103.493,6312.282,3861.588,340.465,141.172,7.094,37.222,585.316,6613.516,2.056
"56","2","Reduced","Reduced.0.2016","0","Reduced amount -RH","2016",2.4,1771.11,537.49,227.32,1.7,45.48,82.47,2.98,9.23,0.09,116.5,46.91,0.37883,430.104,365.56,1284.368,9950.979,4686.379,329.558,220.369,5.37,34.069,398.35,3811.682,2.125
"60","2","Reduced","Reduced.1.2016","1","Reduced amount +RH","2016",3.48,1356.17,482.47,571.19,2.4,39.77,20.27,1.49,4.36,0.39,184.73,46.35,0.62743,352.923,113.438,589.316,3089.207,1181.243,68.017,160.936,1.01,12.781,577.383,2295.064,0.433
